init_age,0
55.525,0.4604499936103821
56.621,0.4356999695301056
56.654,0.4356999695301056
57.204,0.4208499789237976
59.87,0.4703499972820282
61.221,0.5000499486923218
61.418,0.4505499899387359
62.19,0.5099499821662903
64.911,0.4257999956607818
68.39,0.6386500000953674
69.464,0.9603999853134156
69.947,0.4505499899387359
72.258,0.4257999956607818
73.488,0.4257999956607818
75.164,0.4851999878883362
75.601,0.47529998421669
76.185,0.4950999915599823
76.291,0.5099499821662903
